1000G_AF,1000G_AFR_AF,1000G_AMR_AF,1000G_EAS_AF,1000G_EUR_AF,1000G_SAS_AF,ESP_AA_AF,ESP_EA_AF,gnomAD_AF,gnomAD_AFR_AF,gnomAD_AMR_AF,gnomAD_ASJ_AF,gnomAD_EAS_AF,gnomAD_FIN_AF,gnomAD_NFE_AF,gnomAD_OTH_AF,gnomAD_SAS_AF,MAX_AF,gnomAD_non_cancer_AF,gnomAD_non_cancer_AFR_AF,gnomAD_non_cancer_AMI_AF,gnomAD_non_cancer_AMR_AF,gnomAD_non_cancer_ASJ_AF,gnomAD_non_cancer_EAS_AF,gnomAD_non_cancer_FIN_AF,gnomAD_non_cancer_MID_AF,gnomAD_non_cancer_NFE_AF,gnomAD_non_cancer_OTH_AF,gnomAD_non_cancer_SAS_AF,gnomAD_non_cancer_MAX_AF_adj,Reference_Allele,Tumor_Seq_Allele2,C_to_A,C_to_G,C_to_T,T_to_A,T_to_C,T_to_G
0.0,0.0,0.0,0.0,0.0,0.0,0.0,0.0,4.012e-06,0.0,0.0,0.0,0.0,0.0,8.848e-06,0.0,0.0,8.848e-06,0.0,0.0,0.0,0.0,0.0,0.0,0.0,0.0,0.0,0.0,0.0,0.0,0.0,0.0,0,0,3,0,0,0
0.0,0.0,0.0,0.0,0.0,0.0,0.0,0.0,0.0,0.0,0.0,0.0,0.0,0.0,0.0,0.0,0.0,0.0,0.0,0.0,0.0,0.0,0.0,0.0,0.0,0.0,0.0,0.0,0.0,0.0,0.0,0.0,0,0,3,0,0,0
0.0002,0.0,0.0,0.0,0.001,0.0,0.0,0.0,1.205e-05,0.0001293,0.0,0.0,0.0,0.0,0.0,0.0,3.269e-05,0.001,0.0001014989975374,0.0002921980048995,0.0,0.0,0.0,0.0,9.446439798921348e-05,0.0,3.086420110776089e-05,0.0,0.0,0.0002921980048995,0.0,0.0,0,0,0,0,0,0
0.0,0.0,0.0,0.0,0.0,0.0,0.0,0.0,1.195e-05,0.0,0.0,0.0,0.0,0.0,2.645e-05,0.0,0.0,2.645e-05,0.0,0.0,0.0,0.0,0.0,0.0,0.0,0.0,0.0,0.0,0.0,0.0,0.0,0.0,0,0,3,0,0,0
0.0,0.0,0.0,0.0,0.0,0.0,0.0,0.0,0.0,0.0,0.0,0.0,0.0,0.0,0.0,0.0,0.0,0.0,0.0,0.0,0.0,0.0,0.0,0.0,0.0,0.0,0.0,0.0,0.0,0.0,0.0,0.0,0,0,0,0,0,0
0.0,0.0,0.0,0.0,0.0,0.0,0.0,0.0,0.0,0.0,0.0,0.0,0.0,0.0,0.0,0.0,0.0,0.0,0.0,0.0,0.0,0.0,0.0,0.0,0.0,0.0,0.0,0.0,0.0,0.0,0.0,0.0,0,0,0,0,0,0
0.0006,0.0023,0.0,0.0,0.0,0.0,0.0009079,0.0,0.0001633,0.0008615,0.0001737,0.0,0.0,4.645e-05,0.0001409,0.0001635,9.805e-05,0.0023,0.0002433579938951,0.0004862160130869,0.0,6.627779657719657e-05,0.0,0.0,0.0001882880023913,0.0,0.0002006360009545,0.0,0.0,0.0004862160130869,0.0,0.0,0,0,3,0,0,0
